engine,key,quant,source,bpw,size_gb,ppl,chunks,ctx,predictions
stock,q8,Q8_0,bf16,8.5,36.9,6.6189,100,512,25500
stock,q6k,Q6_K,bf16,6.5,27.3,6.6147,100,512,25500
stock,q4km,Q4_K_M,bf16,4.8,19.7,6.6912,100,512,25500
fork,q6k,Q6_K,bf16,6.5,27.3,6.79838,100,512,25500
fork,q4km,Q4_K_M,bf16,4.8,19.7,6.92311,100,512,25500
fork,pxq6,PXQ6,bf16,5.3,21.3,7.44890,100,512,25500
fork,pxq4,PXQ4,bf16,4.5,17.6,7.44926,100,512,25500
fork,pxq4_fromq8,PXQ4,q8_0,4.4,16.7,7.88869,100,512,25500
